"filename", "language", "JavaScript", "PHP", "PostCSS", "Markdown", "JSON", "XML", "comment", "blank", "total"
"d:\Kuliah ITS\SEMESTER 5\PBKK\Penugasan\sahabat-hewan\README.md", "Markdown", 0, 0, 0, 45, 0, 0, 0, 22, 67
"d:\Kuliah ITS\SEMESTER 5\PBKK\Penugasan\sahabat-hewan\app\Console\Kernel.php", "PHP", 0, 15, 0, 0, 0, 0, 7, 6, 28
"d:\Kuliah ITS\SEMESTER 5\PBKK\Penugasan\sahabat-hewan\app\Events\MessageNotification.php", "PHP", 0, 31, 0, 0, 0, 0, 11, 9, 51
"d:\Kuliah ITS\SEMESTER 5\PBKK\Penugasan\sahabat-hewan\app\Events\WebhookNotification.php", "PHP", 0, 30, 0, 0, 0, 0, 11, 7, 48
"d:\Kuliah ITS\SEMESTER 5\PBKK\Penugasan\sahabat-hewan\app\Exceptions\Handler.php", "PHP", 0, 17, 0, 0, 0, 0, 9, 5, 31
"d:\Kuliah ITS\SEMESTER 5\PBKK\Penugasan\sahabat-hewan\app\Http\Controllers\Auth\AuthenticatedSessionController.php", "PHP", 0, 29, 0, 0, 0, 0, 9, 11, 49
"d:\Kuliah ITS\SEMESTER 5\PBKK\Penugasan\sahabat-hewan\app\Http\Controllers\Auth\ConfirmablePasswordController.php", "PHP", 0, 29, 0, 0, 0, 0, 6, 7, 42
"d:\Kuliah ITS\SEMESTER 5\PBKK\Penugasan\sahabat-hewan\app\Http\Controllers\Auth\EmailVerificationNotificationController.php", "PHP", 0, 17, 0, 0, 0, 0, 3, 6, 26
"d:\Kuliah ITS\SEMESTER 5\PBKK\Penugasan\sahabat-hewan\app\Http\Controllers\Auth\EmailVerificationPromptController.php", "PHP", 0, 16, 0, 0, 0, 0, 3, 4, 23
"d:\Kuliah ITS\SEMESTER 5\PBKK\Penugasan\sahabat-hewan\app\Http\Controllers\Auth\NewPasswordController.php", "PHP", 0, 40, 0, 0, 0, 0, 14, 8, 62
"d:\Kuliah ITS\SEMESTER 5\PBKK\Penugasan\sahabat-hewan\app\Http\Controllers\Auth\PasswordController.php", "PHP", 0, 21, 0, 0, 0, 0, 3, 6, 30
"d:\Kuliah ITS\SEMESTER 5\PBKK\Penugasan\sahabat-hewan\app\Http\Controllers\Auth\PasswordResetLinkController.php", "PHP", 0, 27, 0, 0, 0, 0, 11, 7, 45
"d:\Kuliah ITS\SEMESTER 5\PBKK\Penugasan\sahabat-hewan\app\Http\Controllers\Auth\RegisteredUserController.php", "PHP", 0, 39, 0, 0, 0, 0, 8, 10, 57
"d:\Kuliah ITS\SEMESTER 5\PBKK\Penugasan\sahabat-hewan\app\Http\Controllers\Auth\VerifyEmailController.php", "PHP", 0, 20, 0, 0, 0, 0, 3, 6, 29
"d:\Kuliah ITS\SEMESTER 5\PBKK\Penugasan\sahabat-hewan\app\Http\Controllers\CartController.php", "PHP", 0, 44, 0, 0, 0, 0, 1, 12, 57
"d:\Kuliah ITS\SEMESTER 5\PBKK\Penugasan\sahabat-hewan\app\Http\Controllers\CategoryController.php", "PHP", 0, 49, 0, 0, 0, 0, 0, 13, 62
"d:\Kuliah ITS\SEMESTER 5\PBKK\Penugasan\sahabat-hewan\app\Http\Controllers\ChatController.php", "PHP", 0, 127, 0, 0, 0, 0, 6, 30, 163
"d:\Kuliah ITS\SEMESTER 5\PBKK\Penugasan\sahabat-hewan\app\Http\Controllers\ConsultationController.php", "PHP", 0, 35, 0, 0, 0, 0, 0, 12, 47
"d:\Kuliah ITS\SEMESTER 5\PBKK\Penugasan\sahabat-hewan\app\Http\Controllers\Controller.php", "PHP", 0, 9, 0, 0, 0, 0, 0, 4, 13
"d:\Kuliah ITS\SEMESTER 5\PBKK\Penugasan\sahabat-hewan\app\Http\Controllers\OrderController.php", "PHP", 0, 94, 0, 0, 0, 0, 8, 34, 136
"d:\Kuliah ITS\SEMESTER 5\PBKK\Penugasan\sahabat-hewan\app\Http\Controllers\OrderProductController.php", "PHP", 0, 6, 0, 0, 0, 0, 1, 4, 11
"d:\Kuliah ITS\SEMESTER 5\PBKK\Penugasan\sahabat-hewan\app\Http\Controllers\PaymentController.php", "PHP", 0, 106, 0, 0, 0, 0, 6, 29, 141
"d:\Kuliah ITS\SEMESTER 5\PBKK\Penugasan\sahabat-hewan\app\Http\Controllers\ProductController.php", "PHP", 0, 215, 0, 0, 0, 0, 5, 48, 268
"d:\Kuliah ITS\SEMESTER 5\PBKK\Penugasan\sahabat-hewan\app\Http\Controllers\ProductReviewController.php", "PHP", 0, 27, 0, 0, 0, 0, 0, 7, 34
"d:\Kuliah ITS\SEMESTER 5\PBKK\Penugasan\sahabat-hewan\app\Http\Controllers\ProfileController.php", "PHP", 0, 38, 0, 0, 0, 0, 9, 14, 61
"d:\Kuliah ITS\SEMESTER 5\PBKK\Penugasan\sahabat-hewan\app\Http\Controllers\RatingController.php", "PHP", 0, 28, 0, 0, 0, 0, 0, 9, 37
"d:\Kuliah ITS\SEMESTER 5\PBKK\Penugasan\sahabat-hewan\app\Http\Controllers\RoleController.php", "PHP", 0, 6, 0, 0, 0, 0, 1, 4, 11
"d:\Kuliah ITS\SEMESTER 5\PBKK\Penugasan\sahabat-hewan\app\Http\Controllers\TypeController.php", "PHP", 0, 49, 0, 0, 0, 0, 0, 13, 62
"d:\Kuliah ITS\SEMESTER 5\PBKK\Penugasan\sahabat-hewan\app\Http\Controllers\UserController.php", "PHP", 0, 41, 0, 0, 0, 0, 0, 14, 55
"d:\Kuliah ITS\SEMESTER 5\PBKK\Penugasan\sahabat-hewan\app\Http\Kernel.php", "PHP", 0, 42, 0, 0, 0, 0, 21, 7, 70
"d:\Kuliah ITS\SEMESTER 5\PBKK\Penugasan\sahabat-hewan\app\Http\Middleware\AdminDashboard.php", "PHP", 0, 17, 0, 0, 0, 0, 5, 6, 28
"d:\Kuliah ITS\SEMESTER 5\PBKK\Penugasan\sahabat-hewan\app\Http\Middleware\Authenticate.php", "PHP", 0, 11, 0, 0, 0, 0, 3, 4, 18
"d:\Kuliah ITS\SEMESTER 5\PBKK\Penugasan\sahabat-hewan\app\Http\Middleware\EncryptCookies.php", "PHP", 0, 8, 0, 0, 0, 0, 6, 4, 18
"d:\Kuliah ITS\SEMESTER 5\PBKK\Penugasan\sahabat-hewan\app\Http\Middleware\PreventRequestsDuringMaintenance.php", "PHP", 0, 8, 0, 0, 0, 0, 6, 4, 18
"d:\Kuliah ITS\SEMESTER 5\PBKK\Penugasan\sahabat-hewan\app\Http\Middleware\RedirectIfAuthenticated.php", "PHP", 0, 20, 0, 0, 0, 0, 5, 6, 31
"d:\Kuliah ITS\SEMESTER 5\PBKK\Penugasan\sahabat-hewan\app\Http\Middleware\TrimStrings.php", "PHP", 0, 11, 0, 0, 0, 0, 5, 4, 20
"d:\Kuliah ITS\SEMESTER 5\PBKK\Penugasan\sahabat-hewan\app\Http\Middleware\TrustHosts.php", "PHP", 0, 12, 0, 0, 0, 0, 5, 4, 21
"d:\Kuliah ITS\SEMESTER 5\PBKK\Penugasan\sahabat-hewan\app\Http\Middleware\TrustProxies.php", "PHP", 0, 14, 0, 0, 0, 0, 10, 5, 29
"d:\Kuliah ITS\SEMESTER 5\PBKK\Penugasan\sahabat-hewan\app\Http\Middleware\ValidateSignature.php", "PHP", 0, 8, 0, 0, 0, 0, 11, 4, 23
"d:\Kuliah ITS\SEMESTER 5\PBKK\Penugasan\sahabat-hewan\app\Http\Middleware\VerifyCsrfToken.php", "PHP", 0, 8, 0, 0, 0, 0, 6, 4, 18
"d:\Kuliah ITS\SEMESTER 5\PBKK\Penugasan\sahabat-hewan\app\Http\Requests\Auth\LoginRequest.php", "PHP", 0, 51, 0, 0, 0, 0, 21, 14, 86
"d:\Kuliah ITS\SEMESTER 5\PBKK\Penugasan\sahabat-hewan\app\Http\Requests\ProfileUpdateRequest.php", "PHP", 0, 15, 0, 0, 0, 0, 5, 4, 24
"d:\Kuliah ITS\SEMESTER 5\PBKK\Penugasan\sahabat-hewan\app\Models\Cart.php", "PHP", 0, 22, 0, 0, 0, 0, 0, 7, 29
"d:\Kuliah ITS\SEMESTER 5\PBKK\Penugasan\sahabat-hewan\app\Models\Category.php", "PHP", 0, 16, 0, 0, 0, 0, 0, 6, 22
"d:\Kuliah ITS\SEMESTER 5\PBKK\Penugasan\sahabat-hewan\app\Models\Chat.php", "PHP", 0, 27, 0, 0, 0, 0, 0, 7, 34
"d:\Kuliah ITS\SEMESTER 5\PBKK\Penugasan\sahabat-hewan\app\Models\Consultation.php", "PHP", 0, 17, 0, 0, 0, 0, 0, 6, 23
"d:\Kuliah ITS\SEMESTER 5\PBKK\Penugasan\sahabat-hewan\app\Models\Order.php", "PHP", 0, 26, 0, 0, 0, 0, 0, 8, 34
"d:\Kuliah ITS\SEMESTER 5\PBKK\Penugasan\sahabat-hewan\app\Models\OrderProduct.php", "PHP", 0, 22, 0, 0, 0, 0, 0, 7, 29
"d:\Kuliah ITS\SEMESTER 5\PBKK\Penugasan\sahabat-hewan\app\Models\Payment.php", "PHP", 0, 16, 0, 0, 0, 0, 0, 5, 21
"d:\Kuliah ITS\SEMESTER 5\PBKK\Penugasan\sahabat-hewan\app\Models\Product.php", "PHP", 0, 46, 0, 0, 0, 0, 0, 13, 59
"d:\Kuliah ITS\SEMESTER 5\PBKK\Penugasan\sahabat-hewan\app\Models\ProductReview.php", "PHP", 0, 22, 0, 0, 0, 0, 0, 8, 30
"d:\Kuliah ITS\SEMESTER 5\PBKK\Penugasan\sahabat-hewan\app\Models\Rating.php", "PHP", 0, 22, 0, 0, 0, 0, 0, 7, 29
"d:\Kuliah ITS\SEMESTER 5\PBKK\Penugasan\sahabat-hewan\app\Models\Role.php", "PHP", 0, 16, 0, 0, 0, 0, 0, 6, 22
"d:\Kuliah ITS\SEMESTER 5\PBKK\Penugasan\sahabat-hewan\app\Models\Type.php", "PHP", 0, 16, 0, 0, 0, 0, 0, 7, 23
"d:\Kuliah ITS\SEMESTER 5\PBKK\Penugasan\sahabat-hewan\app\Models\User.php", "PHP", 0, 61, 0, 0, 0, 0, 16, 15, 92
"d:\Kuliah ITS\SEMESTER 5\PBKK\Penugasan\sahabat-hewan\app\Providers\AppServiceProvider.php", "PHP", 0, 12, 0, 0, 0, 0, 8, 5, 25
"d:\Kuliah ITS\SEMESTER 5\PBKK\Penugasan\sahabat-hewan\app\Providers\AuthServiceProvider.php", "PHP", 0, 11, 0, 0, 0, 0, 11, 5, 27
"d:\Kuliah ITS\SEMESTER 5\PBKK\Penugasan\sahabat-hewan\app\Providers\BroadcastServiceProvider.php", "PHP", 0, 12, 0, 0, 0, 0, 3, 5, 20
"d:\Kuliah ITS\SEMESTER 5\PBKK\Penugasan\sahabat-hewan\app\Providers\EventServiceProvider.php", "PHP", 0, 21, 0, 0, 0, 0, 12, 6, 39
"d:\Kuliah ITS\SEMESTER 5\PBKK\Penugasan\sahabat-hewan\app\Providers\RouteServiceProvider.php", "PHP", 0, 24, 0, 0, 0, 0, 10, 7, 41
"d:\Kuliah ITS\SEMESTER 5\PBKK\Penugasan\sahabat-hewan\app\View\Components\AppLayout.php", "PHP", 0, 11, 0, 0, 0, 0, 3, 4, 18
"d:\Kuliah ITS\SEMESTER 5\PBKK\Penugasan\sahabat-hewan\app\View\Components\GuestLayout.php", "PHP", 0, 11, 0, 0, 0, 0, 3, 4, 18
"d:\Kuliah ITS\SEMESTER 5\PBKK\Penugasan\sahabat-hewan\bootstrap\app.php", "PHP", 0, 17, 0, 0, 0, 0, 30, 9, 56
"d:\Kuliah ITS\SEMESTER 5\PBKK\Penugasan\sahabat-hewan\composer.json", "JSON", 0, 0, 0, 0, 69, 0, 0, 1, 70
"d:\Kuliah ITS\SEMESTER 5\PBKK\Penugasan\sahabat-hewan\composer.lock", "JSON", 0, 0, 0, 0, 8399, 0, 0, 1, 8400
"d:\Kuliah ITS\SEMESTER 5\PBKK\Penugasan\sahabat-hewan\config\app.php", "PHP", 0, 28, 0, 0, 0, 0, 130, 31, 189
"d:\Kuliah ITS\SEMESTER 5\PBKK\Penugasan\sahabat-hewan\config\auth.php", "PHP", 0, 28, 0, 0, 0, 0, 74, 14, 116
"d:\Kuliah ITS\SEMESTER 5\PBKK\Penugasan\sahabat-hewan\config\broadcasting.php", "PHP", 0, 36, 0, 0, 0, 0, 23, 13, 72
"d:\Kuliah ITS\SEMESTER 5\PBKK\Penugasan\sahabat-hewan\config\cache.php", "PHP", 0, 59, 0, 0, 0, 0, 34, 19, 112
"d:\Kuliah ITS\SEMESTER 5\PBKK\Penugasan\sahabat-hewan\config\cors.php", "PHP", 0, 3, 0, 0, 0, 0, 29, 3, 35
"d:\Kuliah ITS\SEMESTER 5\PBKK\Penugasan\sahabat-hewan\config\database.php", "PHP", 0, 83, 0, 0, 0, 0, 47, 22, 152
"d:\Kuliah ITS\SEMESTER 5\PBKK\Penugasan\sahabat-hewan\config\filesystems.php", "PHP", 0, 32, 0, 0, 0, 0, 32, 13, 77
"d:\Kuliah ITS\SEMESTER 5\PBKK\Penugasan\sahabat-hewan\config\hashing.php", "PHP", 0, 12, 0, 0, 0, 0, 32, 9, 53
"d:\Kuliah ITS\SEMESTER 5\PBKK\Penugasan\sahabat-hewan\config\logging.php", "PHP", 0, 79, 0, 0, 0, 0, 34, 19, 132
"d:\Kuliah ITS\SEMESTER 5\PBKK\Penugasan\sahabat-hewan\config\mail.php", "PHP", 0, 54, 0, 0, 0, 0, 53, 19, 126
"d:\Kuliah ITS\SEMESTER 5\PBKK\Penugasan\sahabat-hewan\config\queue.php", "PHP", 0, 51, 0, 0, 0, 0, 42, 17, 110
"d:\Kuliah ITS\SEMESTER 5\PBKK\Penugasan\sahabat-hewan\config\sanctum.php", "PHP", 0, 15, 0, 0, 0, 0, 41, 12, 68
"d:\Kuliah ITS\SEMESTER 5\PBKK\Penugasan\sahabat-hewan\config\services.php", "PHP", 0, 17, 0, 0, 0, 0, 11, 7, 35
"d:\Kuliah ITS\SEMESTER 5\PBKK\Penugasan\sahabat-hewan\config\session.php", "PHP", 0, 22, 0, 0, 0, 0, 147, 33, 202
"d:\Kuliah ITS\SEMESTER 5\PBKK\Penugasan\sahabat-hewan\config\view.php", "PHP", 0, 10, 0, 0, 0, 0, 20, 7, 37
"d:\Kuliah ITS\SEMESTER 5\PBKK\Penugasan\sahabat-hewan\database\factories\CartFactory.php", "PHP", 0, 11, 0, 0, 0, 0, 9, 4, 24
"d:\Kuliah ITS\SEMESTER 5\PBKK\Penugasan\sahabat-hewan\database\factories\CategoryFactory.php", "PHP", 0, 11, 0, 0, 0, 0, 9, 4, 24
"d:\Kuliah ITS\SEMESTER 5\PBKK\Penugasan\sahabat-hewan\database\factories\ChatFactory.php", "PHP", 0, 19, 0, 0, 0, 0, 8, 4, 31
"d:\Kuliah ITS\SEMESTER 5\PBKK\Penugasan\sahabat-hewan\database\factories\ConsultationFactory.php", "PHP", 0, 11, 0, 0, 0, 0, 9, 4, 24
"d:\Kuliah ITS\SEMESTER 5\PBKK\Penugasan\sahabat-hewan\database\factories\OrderFactory.php", "PHP", 0, 11, 0, 0, 0, 0, 9, 4, 24
"d:\Kuliah ITS\SEMESTER 5\PBKK\Penugasan\sahabat-hewan\database\factories\OrderProductFactory.php", "PHP", 0, 11, 0, 0, 0, 0, 9, 4, 24
"d:\Kuliah ITS\SEMESTER 5\PBKK\Penugasan\sahabat-hewan\database\factories\PaymentFactory.php", "PHP", 0, 11, 0, 0, 0, 0, 9, 4, 24
"d:\Kuliah ITS\SEMESTER 5\PBKK\Penugasan\sahabat-hewan\database\factories\ProductFactory.php", "PHP", 0, 21, 0, 0, 0, 0, 8, 4, 33
"d:\Kuliah ITS\SEMESTER 5\PBKK\Penugasan\sahabat-hewan\database\factories\ProductReviewFactory.php", "PHP", 0, 11, 0, 0, 0, 0, 9, 4, 24
"d:\Kuliah ITS\SEMESTER 5\PBKK\Penugasan\sahabat-hewan\database\factories\RatingFactory.php", "PHP", 0, 11, 0, 0, 0, 0, 9, 4, 24
"d:\Kuliah ITS\SEMESTER 5\PBKK\Penugasan\sahabat-hewan\database\factories\TypeFactory.php", "PHP", 0, 11, 0, 0, 0, 0, 9, 4, 24
"d:\Kuliah ITS\SEMESTER 5\PBKK\Penugasan\sahabat-hewan\database\factories\UserFactory.php", "PHP", 0, 27, 0, 0, 0, 0, 11, 5, 43
"d:\Kuliah ITS\SEMESTER 5\PBKK\Penugasan\sahabat-hewan\database\migrations\2014_10_12_000000_create_users_table.php", "PHP", 0, 26, 0, 0, 0, 0, 6, 4, 36
"d:\Kuliah ITS\SEMESTER 5\PBKK\Penugasan\sahabat-hewan\database\migrations\2014_10_12_100000_create_password_reset_tokens_table.php", "PHP", 0, 19, 0, 0, 0, 0, 6, 4, 29
"d:\Kuliah ITS\SEMESTER 5\PBKK\Penugasan\sahabat-hewan\database\migrations\2019_08_19_000000_create_failed_jobs_table.php", "PHP", 0, 23, 0, 0, 0, 0, 6, 4, 33
"d:\Kuliah ITS\SEMESTER 5\PBKK\Penugasan\sahabat-hewan\database\migrations\2019_12_14_000001_create_personal_access_tokens_table.php", "PHP", 0, 24, 0, 0, 0, 0, 6, 4, 34
"d:\Kuliah ITS\SEMESTER 5\PBKK\Penugasan\sahabat-hewan\database\migrations\2023_10_30_184929_create_roles_table.php", "PHP", 0, 19, 0, 0, 0, 0, 6, 4, 29
"d:\Kuliah ITS\SEMESTER 5\PBKK\Penugasan\sahabat-hewan\database\migrations\2023_10_30_185613_create_chats_table.php", "PHP", 0, 26, 0, 0, 0, 0, 6, 4, 36
"d:\Kuliah ITS\SEMESTER 5\PBKK\Penugasan\sahabat-hewan\database\migrations\2023_11_04_160223_add_role_id_column_to_users_table.php", "PHP", 0, 19, 0, 0, 0, 0, 7, 4, 30
"d:\Kuliah ITS\SEMESTER 5\PBKK\Penugasan\sahabat-hewan\database\migrations\2023_11_08_215742_create_consultations_table.php", "PHP", 0, 20, 0, 0, 0, 0, 6, 4, 30
"d:\Kuliah ITS\SEMESTER 5\PBKK\Penugasan\sahabat-hewan\database\migrations\2023_11_08_223633_create_payments_table.php", "PHP", 0, 25, 0, 0, 0, 0, 6, 4, 35
"d:\Kuliah ITS\SEMESTER 5\PBKK\Penugasan\sahabat-hewan\database\migrations\2023_11_11_151855_create_products_table.php", "PHP", 0, 26, 0, 0, 0, 0, 6, 4, 36
"d:\Kuliah ITS\SEMESTER 5\PBKK\Penugasan\sahabat-hewan\database\migrations\2023_11_11_151933_create_types_table.php", "PHP", 0, 19, 0, 0, 0, 0, 6, 4, 29
"d:\Kuliah ITS\SEMESTER 5\PBKK\Penugasan\sahabat-hewan\database\migrations\2023_11_11_151938_create_categories_table.php", "PHP", 0, 19, 0, 0, 0, 0, 6, 4, 29
"d:\Kuliah ITS\SEMESTER 5\PBKK\Penugasan\sahabat-hewan\database\migrations\2023_11_11_184440_add_category_id_and_type_id_to_products_table.php", "PHP", 0, 21, 0, 0, 0, 0, 6, 4, 31
"d:\Kuliah ITS\SEMESTER 5\PBKK\Penugasan\sahabat-hewan\database\migrations\2023_11_11_184543_create_product_reviews_table.php", "PHP", 0, 21, 0, 0, 0, 0, 6, 4, 31
"d:\Kuliah ITS\SEMESTER 5\PBKK\Penugasan\sahabat-hewan\database\migrations\2023_11_12_064111_create_carts_table.php", "PHP", 0, 21, 0, 0, 0, 0, 6, 4, 31
"d:\Kuliah ITS\SEMESTER 5\PBKK\Penugasan\sahabat-hewan\database\migrations\2023_11_17_065816_create_ratings_table.php", "PHP", 0, 21, 0, 0, 0, 0, 6, 4, 31
"d:\Kuliah ITS\SEMESTER 5\PBKK\Penugasan\sahabat-hewan\database\migrations\2023_11_17_065903_create_orders_table.php", "PHP", 0, 26, 0, 0, 0, 0, 6, 4, 36
"d:\Kuliah ITS\SEMESTER 5\PBKK\Penugasan\sahabat-hewan\database\migrations\2023_11_20_191608_delete_product_id_column_in_orders_table.php", "PHP", 0, 20, 0, 0, 0, 0, 7, 4, 31
"d:\Kuliah ITS\SEMESTER 5\PBKK\Penugasan\sahabat-hewan\database\migrations\2023_11_20_191800_create_order_products_table.php", "PHP", 0, 21, 0, 0, 0, 0, 6, 4, 31
"d:\Kuliah ITS\SEMESTER 5\PBKK\Penugasan\sahabat-hewan\database\migrations\2023_11_20_193041_drop_quantity_column_in_orders_table.php", "PHP", 0, 19, 0, 0, 0, 0, 6, 4, 29
"d:\Kuliah ITS\SEMESTER 5\PBKK\Penugasan\sahabat-hewan\database\seeders\CartSeeder.php", "PHP", 0, 10, 0, 0, 0, 0, 4, 4, 18
"d:\Kuliah ITS\SEMESTER 5\PBKK\Penugasan\sahabat-hewan\database\seeders\CategorySeeder.php", "PHP", 0, 25, 0, 0, 0, 0, 3, 5, 33
"d:\Kuliah ITS\SEMESTER 5\PBKK\Penugasan\sahabat-hewan\database\seeders\ChatSeeder.php", "PHP", 0, 101, 0, 0, 0, 0, 3, 24, 128
"d:\Kuliah ITS\SEMESTER 5\PBKK\Penugasan\sahabat-hewan\database\seeders\ConsultationSeeder.php", "PHP", 0, 19, 0, 0, 0, 0, 3, 5, 27
"d:\Kuliah ITS\SEMESTER 5\PBKK\Penugasan\sahabat-hewan\database\seeders\DatabaseSeeder.php", "PHP", 0, 19, 0, 0, 0, 0, 9, 6, 34
"d:\Kuliah ITS\SEMESTER 5\PBKK\Penugasan\sahabat-hewan\database\seeders\OrderProductSeeder.php", "PHP", 0, 10, 0, 0, 0, 0, 4, 4, 18
"d:\Kuliah ITS\SEMESTER 5\PBKK\Penugasan\sahabat-hewan\database\seeders\OrderSeeder.php", "PHP", 0, 10, 0, 0, 0, 0, 4, 4, 18
"d:\Kuliah ITS\SEMESTER 5\PBKK\Penugasan\sahabat-hewan\database\seeders\PaymentSeeder.php", "PHP", 0, 10, 0, 0, 0, 0, 4, 4, 18
"d:\Kuliah ITS\SEMESTER 5\PBKK\Penugasan\sahabat-hewan\database\seeders\ProductReviewSeeder.php", "PHP", 0, 31, 0, 0, 0, 0, 3, 5, 39
"d:\Kuliah ITS\SEMESTER 5\PBKK\Penugasan\sahabat-hewan\database\seeders\ProductSeeder.php", "PHP", 0, 12, 0, 0, 0, 0, 4, 4, 20
"d:\Kuliah ITS\SEMESTER 5\PBKK\Penugasan\sahabat-hewan\database\seeders\RatingSeeder.php", "PHP", 0, 10, 0, 0, 0, 0, 4, 4, 18
"d:\Kuliah ITS\SEMESTER 5\PBKK\Penugasan\sahabat-hewan\database\seeders\RoleSeeder.php", "PHP", 0, 25, 0, 0, 0, 0, 3, 5, 33
"d:\Kuliah ITS\SEMESTER 5\PBKK\Penugasan\sahabat-hewan\database\seeders\TypeSeeder.php", "PHP", 0, 25, 0, 0, 0, 0, 3, 5, 33
"d:\Kuliah ITS\SEMESTER 5\PBKK\Penugasan\sahabat-hewan\database\seeders\UserSeeder.php", "PHP", 0, 39, 0, 0, 0, 0, 3, 7, 49
"d:\Kuliah ITS\SEMESTER 5\PBKK\Penugasan\sahabat-hewan\package-lock.json", "JSON", 0, 0, 0, 0, 2930, 0, 0, 1, 2931
"d:\Kuliah ITS\SEMESTER 5\PBKK\Penugasan\sahabat-hewan\package.json", "JSON", 0, 0, 0, 0, 23, 0, 0, 1, 24
"d:\Kuliah ITS\SEMESTER 5\PBKK\Penugasan\sahabat-hewan\phpunit.xml", "XML", 0, 0, 0, 0, 0, 29, 2, 1, 32
"d:\Kuliah ITS\SEMESTER 5\PBKK\Penugasan\sahabat-hewan\postcss.config.js", "JavaScript", 6, 0, 0, 0, 0, 0, 0, 1, 7
"d:\Kuliah ITS\SEMESTER 5\PBKK\Penugasan\sahabat-hewan\public\index.php", "PHP", 0, 14, 0, 0, 0, 0, 30, 12, 56
"d:\Kuliah ITS\SEMESTER 5\PBKK\Penugasan\sahabat-hewan\resources\css\app.css", "PostCSS", 0, 0, 32, 0, 0, 0, 1, 5, 38
"d:\Kuliah ITS\SEMESTER 5\PBKK\Penugasan\sahabat-hewan\resources\js\app.js", "JavaScript", 6, 0, 0, 0, 0, 0, 0, 7, 13
"d:\Kuliah ITS\SEMESTER 5\PBKK\Penugasan\sahabat-hewan\resources\js\bootstrap.js", "JavaScript", 16, 0, 0, 0, 0, 0, 16, 8, 40
"d:\Kuliah ITS\SEMESTER 5\PBKK\Penugasan\sahabat-hewan\resources\views\admin\admin-dashboard.blade.php", "PHP", 0, 34, 0, 0, 0, 0, 0, 5, 39
"d:\Kuliah ITS\SEMESTER 5\PBKK\Penugasan\sahabat-hewan\resources\views\admin\admin-orders.blade.php", "PHP", 0, 105, 0, 0, 0, 0, 0, 14, 119
"d:\Kuliah ITS\SEMESTER 5\PBKK\Penugasan\sahabat-hewan\resources\views\admin\create-category.blade.php", "PHP", 0, 160, 0, 0, 0, 0, 1, 19, 180
"d:\Kuliah ITS\SEMESTER 5\PBKK\Penugasan\sahabat-hewan\resources\views\admin\create-product.blade.php", "PHP", 0, 74, 0, 0, 0, 0, 0, 10, 84
"d:\Kuliah ITS\SEMESTER 5\PBKK\Penugasan\sahabat-hewan\resources\views\admin\create-type.blade.php", "PHP", 0, 160, 0, 0, 0, 0, 1, 20, 181
"d:\Kuliah ITS\SEMESTER 5\PBKK\Penugasan\sahabat-hewan\resources\views\admin\edit-product.blade.php", "PHP", 0, 87, 0, 0, 0, 0, 0, 10, 97
"d:\Kuliah ITS\SEMESTER 5\PBKK\Penugasan\sahabat-hewan\resources\views\admin\products.blade.php", "PHP", 0, 22, 0, 0, 0, 0, 0, 3, 25
"d:\Kuliah ITS\SEMESTER 5\PBKK\Penugasan\sahabat-hewan\resources\views\admin\update-product.blade.php", "PHP", 0, 0, 0, 0, 0, 0, 0, 1, 1
"d:\Kuliah ITS\SEMESTER 5\PBKK\Penugasan\sahabat-hewan\resources\views\admin\user-orders.blade.php", "PHP", 0, 57, 0, 0, 0, 0, 0, 4, 61
"d:\Kuliah ITS\SEMESTER 5\PBKK\Penugasan\sahabat-hewan\resources\views\admin\users.blade.php", "PHP", 0, 0, 0, 0, 0, 0, 0, 1, 1
"d:\Kuliah ITS\SEMESTER 5\PBKK\Penugasan\sahabat-hewan\resources\views\auth\confirm-password.blade.php", "PHP", 0, 22, 0, 0, 0, 0, 0, 6, 28
"d:\Kuliah ITS\SEMESTER 5\PBKK\Penugasan\sahabat-hewan\resources\views\auth\forgot-password.blade.php", "PHP", 0, 21, 0, 0, 0, 0, 0, 5, 26
"d:\Kuliah ITS\SEMESTER 5\PBKK\Penugasan\sahabat-hewan\resources\views\auth\login.blade.php", "PHP", 0, 39, 0, 0, 0, 0, 0, 9, 48
"d:\Kuliah ITS\SEMESTER 5\PBKK\Penugasan\sahabat-hewan\resources\views\auth\register.blade.php", "PHP", 0, 47, 0, 0, 0, 0, 0, 12, 59
"d:\Kuliah ITS\SEMESTER 5\PBKK\Penugasan\sahabat-hewan\resources\views\auth\reset-password.blade.php", "PHP", 0, 32, 0, 0, 0, 0, 0, 8, 40
"d:\Kuliah ITS\SEMESTER 5\PBKK\Penugasan\sahabat-hewan\resources\views\auth\verify-email.blade.php", "PHP", 0, 26, 0, 0, 0, 0, 0, 6, 32
"d:\Kuliah ITS\SEMESTER 5\PBKK\Penugasan\sahabat-hewan\resources\views\chat\index.blade.php", "PHP", 0, 388, 0, 0, 0, 0, 5, 79, 472
"d:\Kuliah ITS\SEMESTER 5\PBKK\Penugasan\sahabat-hewan\resources\views\components\application-logo.blade.php", "PHP", 0, 3, 0, 0, 0, 0, 0, 1, 4
"d:\Kuliah ITS\SEMESTER 5\PBKK\Penugasan\sahabat-hewan\resources\views\components\auth-session-status.blade.php", "PHP", 0, 6, 0, 0, 0, 0, 0, 2, 8
"d:\Kuliah ITS\SEMESTER 5\PBKK\Penugasan\sahabat-hewan\resources\views\components\danger-button.blade.php", "PHP", 0, 3, 0, 0, 0, 0, 0, 1, 4
"d:\Kuliah ITS\SEMESTER 5\PBKK\Penugasan\sahabat-hewan\resources\views\components\dropdown-link.blade.php", "PHP", 0, 1, 0, 0, 0, 0, 0, 1, 2
"d:\Kuliah ITS\SEMESTER 5\PBKK\Penugasan\sahabat-hewan\resources\views\components\dropdown.blade.php", "PHP", 0, 39, 0, 0, 0, 0, 0, 5, 44
"d:\Kuliah ITS\SEMESTER 5\PBKK\Penugasan\sahabat-hewan\resources\views\components\input-error.blade.php", "PHP", 0, 8, 0, 0, 0, 0, 0, 2, 10
"d:\Kuliah ITS\SEMESTER 5\PBKK\Penugasan\sahabat-hewan\resources\views\components\input-label.blade.php", "PHP", 0, 4, 0, 0, 0, 0, 0, 2, 6
"d:\Kuliah ITS\SEMESTER 5\PBKK\Penugasan\sahabat-hewan\resources\views\components\login-button.blade.php", "PHP", 0, 3, 0, 0, 0, 0, 0, 1, 4
"d:\Kuliah ITS\SEMESTER 5\PBKK\Penugasan\sahabat-hewan\resources\views\components\modal.blade.php", "PHP", 0, 72, 0, 0, 0, 0, 2, 4, 78
"d:\Kuliah ITS\SEMESTER 5\PBKK\Penugasan\sahabat-hewan\resources\views\components\nav-link.blade.php", "PHP", 0, 9, 0, 0, 0, 0, 0, 3, 12
"d:\Kuliah ITS\SEMESTER 5\PBKK\Penugasan\sahabat-hewan\resources\views\components\primary-button.blade.php", "PHP", 0, 3, 0, 0, 0, 0, 0, 1, 4
"d:\Kuliah ITS\SEMESTER 5\PBKK\Penugasan\sahabat-hewan\resources\views\components\responsive-nav-link.blade.php", "PHP", 0, 9, 0, 0, 0, 0, 0, 3, 12
"d:\Kuliah ITS\SEMESTER 5\PBKK\Penugasan\sahabat-hewan\resources\views\components\secondary-button.blade.php", "PHP", 0, 3, 0, 0, 0, 0, 0, 1, 4
"d:\Kuliah ITS\SEMESTER 5\PBKK\Penugasan\sahabat-hewan\resources\views\components\text-input.blade.php", "PHP", 0, 2, 0, 0, 0, 0, 0, 2, 4
"d:\Kuliah ITS\SEMESTER 5\PBKK\Penugasan\sahabat-hewan\resources\views\consult\consult.blade.php", "PHP", 0, 129, 0, 0, 0, 0, 0, 12, 141
"d:\Kuliah ITS\SEMESTER 5\PBKK\Penugasan\sahabat-hewan\resources\views\consult\dokter.blade.php", "PHP", 0, 170, 0, 0, 0, 0, 38, 28, 236
"d:\Kuliah ITS\SEMESTER 5\PBKK\Penugasan\sahabat-hewan\resources\views\consult\open_new_tab.blade.php", "PHP", 0, 6, 0, 0, 0, 0, 0, 2, 8
"d:\Kuliah ITS\SEMESTER 5\PBKK\Penugasan\sahabat-hewan\resources\views\dashboard.blade.php", "PHP", 0, 16, 0, 0, 0, 0, 0, 2, 18
"d:\Kuliah ITS\SEMESTER 5\PBKK\Penugasan\sahabat-hewan\resources\views\footer\footer.blade.php", "PHP", 0, 126, 0, 0, 0, 0, 0, 7, 133
"d:\Kuliah ITS\SEMESTER 5\PBKK\Penugasan\sahabat-hewan\resources\views\home\home.blade.php", "PHP", 0, 68, 0, 0, 0, 0, 0, 4, 72
"d:\Kuliah ITS\SEMESTER 5\PBKK\Penugasan\sahabat-hewan\resources\views\landingPage\landingPage.blade.php", "PHP", 0, 179, 0, 0, 0, 0, 0, 14, 193
"d:\Kuliah ITS\SEMESTER 5\PBKK\Penugasan\sahabat-hewan\resources\views\layouts\app.blade.php", "PHP", 0, 31, 0, 0, 0, 0, 0, 6, 37
"d:\Kuliah ITS\SEMESTER 5\PBKK\Penugasan\sahabat-hewan\resources\views\layouts\guest-login.blade.php", "PHP", 0, 27, 0, 0, 0, 0, 0, 5, 32
"d:\Kuliah ITS\SEMESTER 5\PBKK\Penugasan\sahabat-hewan\resources\views\layouts\guest.blade.php", "PHP", 0, 27, 0, 0, 0, 0, 0, 5, 32
"d:\Kuliah ITS\SEMESTER 5\PBKK\Penugasan\sahabat-hewan\resources\views\layouts\mainLayout.blade.php", "PHP", 0, 16, 0, 0, 0, 0, 0, 6, 22
"d:\Kuliah ITS\SEMESTER 5\PBKK\Penugasan\sahabat-hewan\resources\views\layouts\navigation.blade.php", "PHP", 0, 88, 0, 0, 0, 0, 0, 13, 101
"d:\Kuliah ITS\SEMESTER 5\PBKK\Penugasan\sahabat-hewan\resources\views\navbar\navbar-login.blade.php", "PHP", 0, 82, 0, 0, 0, 0, 1, 6, 89
"d:\Kuliah ITS\SEMESTER 5\PBKK\Penugasan\sahabat-hewan\resources\views\navbar\navbar-shop.blade.php", "PHP", 0, 58, 0, 0, 0, 0, 16, 11, 85
"d:\Kuliah ITS\SEMESTER 5\PBKK\Penugasan\sahabat-hewan\resources\views\navbar\navbar.blade.php", "PHP", 0, 60, 0, 0, 0, 0, 0, 2, 62
"d:\Kuliah ITS\SEMESTER 5\PBKK\Penugasan\sahabat-hewan\resources\views\profile\edit.blade.php", "PHP", 0, 26, 0, 0, 0, 0, 0, 4, 30
"d:\Kuliah ITS\SEMESTER 5\PBKK\Penugasan\sahabat-hewan\resources\views\profile\partials\delete-user-form.blade.php", "PHP", 0, 45, 0, 0, 0, 0, 0, 11, 56
"d:\Kuliah ITS\SEMESTER 5\PBKK\Penugasan\sahabat-hewan\resources\views\profile\partials\update-password-form.blade.php", "PHP", 0, 41, 0, 0, 0, 0, 0, 8, 49
"d:\Kuliah ITS\SEMESTER 5\PBKK\Penugasan\sahabat-hewan\resources\views\profile\partials\update-profile-information-form.blade.php", "PHP", 0, 54, 0, 0, 0, 0, 0, 11, 65
"d:\Kuliah ITS\SEMESTER 5\PBKK\Penugasan\sahabat-hewan\resources\views\shop\cart-page.blade.php", "PHP", 0, 115, 0, 0, 0, 0, 20, 11, 146
"d:\Kuliah ITS\SEMESTER 5\PBKK\Penugasan\sahabat-hewan\resources\views\shop\index.blade.php", "PHP", 0, 377, 0, 0, 0, 0, 1, 55, 433
"d:\Kuliah ITS\SEMESTER 5\PBKK\Penugasan\sahabat-hewan\resources\views\shop\product-detail.blade.php", "PHP", 0, 300, 0, 0, 0, 0, 0, 28, 328
"d:\Kuliah ITS\SEMESTER 5\PBKK\Penugasan\sahabat-hewan\resources\views\welcome.blade.php", "PHP", 0, 118, 0, 0, 0, 0, 0, 23, 141
"d:\Kuliah ITS\SEMESTER 5\PBKK\Penugasan\sahabat-hewan\routes\api.php", "PHP", 0, 9, 0, 0, 0, 0, 14, 6, 29
"d:\Kuliah ITS\SEMESTER 5\PBKK\Penugasan\sahabat-hewan\routes\auth.php", "PHP", 0, 43, 0, 0, 0, 0, 0, 17, 60
"d:\Kuliah ITS\SEMESTER 5\PBKK\Penugasan\sahabat-hewan\routes\channels.php", "PHP", 0, 14, 0, 0, 0, 0, 10, 5, 29
"d:\Kuliah ITS\SEMESTER 5\PBKK\Penugasan\sahabat-hewan\routes\console.php", "PHP", 0, 6, 0, 0, 0, 0, 10, 4, 20
"d:\Kuliah ITS\SEMESTER 5\PBKK\Penugasan\sahabat-hewan\routes\web.php", "PHP", 0, 85, 0, 0, 0, 0, 10, 43, 138
"d:\Kuliah ITS\SEMESTER 5\PBKK\Penugasan\sahabat-hewan\tailwind.config.js", "JavaScript", 22, 0, 0, 0, 0, 0, 2, 4, 28
"d:\Kuliah ITS\SEMESTER 5\PBKK\Penugasan\sahabat-hewan\tests\CreatesApplication.php", "PHP", 0, 13, 0, 0, 0, 0, 3, 6, 22
"d:\Kuliah ITS\SEMESTER 5\PBKK\Penugasan\sahabat-hewan\tests\Feature\Auth\AuthenticationTest.php", "PHP", 0, 41, 0, 0, 0, 0, 0, 15, 56
"d:\Kuliah ITS\SEMESTER 5\PBKK\Penugasan\sahabat-hewan\tests\Feature\Auth\EmailVerificationTest.php", "PHP", 0, 50, 0, 0, 0, 0, 0, 16, 66
"d:\Kuliah ITS\SEMESTER 5\PBKK\Penugasan\sahabat-hewan\tests\Feature\Auth\PasswordConfirmationTest.php", "PHP", 0, 32, 0, 0, 0, 0, 0, 13, 45
"d:\Kuliah ITS\SEMESTER 5\PBKK\Penugasan\sahabat-hewan\tests\Feature\Auth\PasswordResetTest.php", "PHP", 0, 50, 0, 0, 0, 0, 0, 22, 72
"d:\Kuliah ITS\SEMESTER 5\PBKK\Penugasan\sahabat-hewan\tests\Feature\Auth\PasswordUpdateTest.php", "PHP", 0, 41, 0, 0, 0, 0, 0, 11, 52
"d:\Kuliah ITS\SEMESTER 5\PBKK\Penugasan\sahabat-hewan\tests\Feature\Auth\RegistrationTest.php", "PHP", 0, 25, 0, 0, 0, 0, 0, 8, 33
"d:\Kuliah ITS\SEMESTER 5\PBKK\Penugasan\sahabat-hewan\tests\Feature\ChatApiTest.php", "PHP", 0, 70, 0, 0, 0, 0, 0, 28, 98
"d:\Kuliah ITS\SEMESTER 5\PBKK\Penugasan\sahabat-hewan\tests\Feature\ExampleTest.php", "PHP", 0, 11, 0, 0, 0, 0, 4, 5, 20
"d:\Kuliah ITS\SEMESTER 5\PBKK\Penugasan\sahabat-hewan\tests\Feature\ProfileTest.php", "PHP", 0, 76, 0, 0, 0, 0, 0, 24, 100
"d:\Kuliah ITS\SEMESTER 5\PBKK\Penugasan\sahabat-hewan\tests\TestCase.php", "PHP", 0, 7, 0, 0, 0, 0, 0, 4, 11
"d:\Kuliah ITS\SEMESTER 5\PBKK\Penugasan\sahabat-hewan\tests\Unit\ExampleTest.php", "PHP", 0, 10, 0, 0, 0, 0, 3, 4, 17
"d:\Kuliah ITS\SEMESTER 5\PBKK\Penugasan\sahabat-hewan\vendor\spatie\ignition\resources\compiled\ignition.css", "PostCSS", 0, 0, 1, 0, 0, 0, 2, 0, 3
"d:\Kuliah ITS\SEMESTER 5\PBKK\Penugasan\sahabat-hewan\vendor\spatie\ignition\resources\compiled\ignition.js", "JavaScript", 6, 0, 0, 0, 0, 0, 0, 1, 7
"d:\Kuliah ITS\SEMESTER 5\PBKK\Penugasan\sahabat-hewan\vite.config.js", "JavaScript", 18, 0, 0, 0, 0, 0, 0, 2, 20
"Total", "-", 74, 7549, 33, 45, 11421, 29, 1565, 1822, 22538